-- Large Insert Script for Real Estate Database
-- Comprehensive sample data for testing and demonstration
-- Delete all existing data
delete from offer;
delete from sale;
delete from viewing;
delete from property_feature;
delete from property;
delete from property_type;
delete from seller;
delete from buyer;
delete from agent;

-- Insert Agents (20 agents)
insert into agent values ('A001', 'Sarah Johnson', '555-0101', 'sarah.j@realty.com', 'LIC-12345', 3.00, '2020-01-15');
insert into agent values ('A002', 'Michael Chen', '555-0102', 'michael.c@realty.com', 'LIC-12346', 2.75, '2019-03-20');
insert into agent values ('A003', 'Emily Rodriguez', '555-0103', 'emily.r@realty.com', 'LIC-12347', 3.25, '2021-06-10');
insert into agent values ('A004', 'David Kim', '555-0104', 'david.k@realty.com', 'LIC-12348', 2.50, '2018-11-05');
insert into agent values ('A005', 'Jessica White', '555-0105', 'jessica.w@realty.com', 'LIC-12349', 3.00, '2020-08-12');
insert into agent values ('A006', 'Christopher Brown', '555-0106', 'chris.b@realty.com', 'LIC-12350', 2.75, '2019-05-18');
insert into agent values ('A007', 'Amanda Davis', '555-0107', 'amanda.d@realty.com', 'LIC-12351', 3.50, '2022-02-22');
insert into agent values ('A008', 'Daniel Wilson', '555-0108', 'daniel.w@realty.com', 'LIC-12352', 2.50, '2018-09-30');
insert into agent values ('A009', 'Olivia Martinez', '555-0109', 'olivia.m@realty.com', 'LIC-12353', 3.00, '2021-04-14');
insert into agent values ('A010', 'Matthew Taylor', '555-0110', 'matthew.t@realty.com', 'LIC-12354', 2.75, '2020-07-25');
insert into agent values ('A011', 'Sophia Anderson', '555-0111', 'sophia.a@realty.com', 'LIC-12355', 3.25, '2021-11-08');
insert into agent values ('A012', 'Andrew Thomas', '555-0112', 'andrew.t@realty.com', 'LIC-12356', 2.50, '2019-12-03');
insert into agent values ('A013', 'Isabella Jackson', '555-0113', 'isabella.j@realty.com', 'LIC-12357', 3.00, '2020-03-17');
insert into agent values ('A014', 'Joseph Harris', '555-0114', 'joseph.h@realty.com', 'LIC-12358', 2.75, '2021-01-29');
insert into agent values ('A015', 'Mia Clark', '555-0115', 'mia.c@realty.com', 'LIC-12359', 3.50, '2022-05-11');
insert into agent values ('A016', 'William Lewis', '555-0116', 'william.l@realty.com', 'LIC-12360', 2.50, '2018-06-20');
insert into agent values ('A017', 'Charlotte Walker', '555-0117', 'charlotte.w@realty.com', 'LIC-12361', 3.00, '2020-10-04');
insert into agent values ('A018', 'Benjamin Hall', '555-0118', 'benjamin.h@realty.com', 'LIC-12362', 2.75, '2019-08-16');
insert into agent values ('A019', 'Emma Allen', '555-0119', 'emma.a@realty.com', 'LIC-12363', 3.25, '2021-09-27');
insert into agent values ('A020', 'Lucas Young', '555-0120', 'lucas.y@realty.com', 'LIC-12364', 2.50, '2022-01-13');

-- Insert Property Types
insert into property_type values ('PT001', 'Single Family', 'Detached single-family home');
insert into property_type values ('PT002', 'Condo', 'Condominium unit');
insert into property_type values ('PT003', 'Townhouse', 'Multi-level attached home');
insert into property_type values ('PT004', 'Apartment', 'Apartment unit for rent or sale');
insert into property_type values ('PT005', 'Multi-Family', 'Duplex, triplex, or larger');
insert into property_type values ('PT006', 'Luxury', 'High-end luxury property');
insert into property_type values ('PT007', 'Ranch', 'Single-story ranch style home');

-- Insert Sellers (30 sellers)
insert into seller values ('S001', 'Robert Williams', '555-0201', 'robert.w@email.com', '123 Oak St', 'Springfield', 'IL', '62701', '2023-01-10');
insert into seller values ('S002', 'Jennifer Martinez', '555-0202', 'jennifer.m@email.com', '456 Maple Ave', 'Springfield', 'IL', '62702', '2023-02-15');
insert into seller values ('S003', 'James Anderson', '555-0203', 'james.a@email.com', '789 Pine Rd', 'Springfield', 'IL', '62703', '2023-03-20');
insert into seller values ('S004', 'Lisa Thompson', '555-0204', 'lisa.t@email.com', '321 Elm Blvd', 'Springfield', 'IL', '62704', '2023-04-05');
insert into seller values ('S005', 'Mark Davis', '555-0205', 'mark.d@email.com', '654 Birch Ln', 'Springfield', 'IL', '62701', '2023-01-18');
insert into seller values ('S006', 'Nancy Garcia', '555-0206', 'nancy.g@email.com', '987 Cedar Dr', 'Springfield', 'IL', '62702', '2023-02-22');
insert into seller values ('S007', 'Paul Rodriguez', '555-0207', 'paul.r@email.com', '147 Willow Way', 'Springfield', 'IL', '62703', '2023-03-25');
insert into seller values ('S008', 'Susan Lee', '555-0208', 'susan.l@email.com', '258 Spruce Ct', 'Springfield', 'IL', '62704', '2023-04-12');
insert into seller values ('S009', 'Kevin White', '555-0209', 'kevin.w@email.com', '369 Ash St', 'Springfield', 'IL', '62701', '2023-01-28');
insert into seller values ('S010', 'Karen Harris', '555-0210', 'karen.h@email.com', '741 Poplar Ave', 'Springfield', 'IL', '62702', '2023-02-08');
insert into seller values ('S011', 'Steven Clark', '555-0211', 'steven.c@email.com', '852 Hickory Rd', 'Springfield', 'IL', '62703', '2023-03-15');
insert into seller values ('S012', 'Betty Lewis', '555-0212', 'betty.l@email.com', '963 Walnut Blvd', 'Springfield', 'IL', '62704', '2023-04-20');
insert into seller values ('S013', 'Edward Walker', '555-0213', 'edward.w@email.com', '159 Cherry Ln', 'Springfield', 'IL', '62701', '2023-01-05');
insert into seller values ('S014', 'Dorothy Hall', '555-0214', 'dorothy.h@email.com', '357 Peach Dr', 'Springfield', 'IL', '62702', '2023-02-12');
insert into seller values ('S015', 'Brian Allen', '555-0215', 'brian.a@email.com', '468 Plum Way', 'Springfield', 'IL', '62703', '2023-03-08');
insert into seller values ('S016', 'Carol Young', '555-0216', 'carol.y@email.com', '579 Apple Ct', 'Springfield', 'IL', '62704', '2023-04-15');
insert into seller values ('S017', 'George King', '555-0217', 'george.k@email.com', '680 Orange St', 'Springfield', 'IL', '62701', '2023-01-22');
insert into seller values ('S018', 'Ruth Wright', '555-0218', 'ruth.w@email.com', '791 Lemon Ave', 'Springfield', 'IL', '62702', '2023-02-28');
insert into seller values ('S019', 'Kenneth Lopez', '555-0219', 'kenneth.l@email.com', '802 Lime Rd', 'Springfield', 'IL', '62703', '2023-03-12');
insert into seller values ('S020', 'Sharon Hill', '555-0220', 'sharon.h@email.com', '913 Grape Blvd', 'Springfield', 'IL', '62704', '2023-04-25');
insert into seller values ('S021', 'Donald Scott', '555-0221', 'donald.s@email.com', '124 Berry Ln', 'Springfield', 'IL', '62701', '2023-01-14');
insert into seller values ('S022', 'Michelle Green', '555-0222', 'michelle.g@email.com', '235 Mango Dr', 'Springfield', 'IL', '62702', '2023-02-19');
insert into seller values ('S023', 'Anthony Adams', '555-0223', 'anthony.a@email.com', '346 Kiwi Way', 'Springfield', 'IL', '62703', '2023-03-30');
insert into seller values ('S024', 'Laura Baker', '555-0224', 'laura.b@email.com', '457 Papaya Ct', 'Springfield', 'IL', '62704', '2023-04-08');
insert into seller values ('S025', 'Joshua Nelson', '555-0225', 'joshua.n@email.com', '568 Banana St', 'Springfield', 'IL', '62701', '2023-01-26');
insert into seller values ('S026', 'Donna Carter', '555-0226', 'donna.c@email.com', '679 Avocado Ave', 'Springfield', 'IL', '62702', '2023-02-05');
insert into seller values ('S027', 'Ryan Mitchell', '555-0227', 'ryan.m@email.com', '780 Coconut Rd', 'Springfield', 'IL', '62703', '2023-03-18');
insert into seller values ('S028', 'Helen Perez', '555-0228', 'helen.p@email.com', '891 Pineapple Blvd', 'Springfield', 'IL', '62704', '2023-04-22');
insert into seller values ('S029', 'Jason Roberts', '555-0229', 'jason.r@email.com', '902 Strawberry Ln', 'Springfield', 'IL', '62701', '2023-01-31');
insert into seller values ('S030', 'Deborah Turner', '555-0230', 'deborah.t@email.com', '113 Blueberry Dr', 'Springfield', 'IL', '62702', '2023-02-26');

-- Insert Buyers (40 buyers)
insert into buyer values ('B001', 'John Smith', '555-0301', 'john.s@email.com', '100 Main St', 'Springfield', 'IL', '62701', 200000, 350000, 3, 2.0, '2023-05-01');
insert into buyer values ('B002', 'Maria Garcia', '555-0302', 'maria.g@email.com', '200 Center Ave', 'Springfield', 'IL', '62702', 300000, 500000, 4, 2.5, '2023-05-10');
insert into buyer values ('B003', 'Robert Lee', '555-0303', 'robert.l@email.com', '300 Park Dr', 'Springfield', 'IL', '62703', 150000, 250000, 2, 1.5, '2023-05-15');
insert into buyer values ('B004', 'Patricia Brown', '555-0304', 'patricia.b@email.com', '400 River Ln', 'Springfield', 'IL', '62704', 400000, 600000, 5, 3.0, '2023-05-20');
insert into buyer values ('B005', 'William Jones', '555-0305', 'william.j@email.com', '500 Lake St', 'Springfield', 'IL', '62701', 250000, 400000, 3, 2.5, '2023-05-05');
insert into buyer values ('B006', 'Linda Miller', '555-0306', 'linda.m@email.com', '600 Hill Ave', 'Springfield', 'IL', '62702', 180000, 300000, 2, 2.0, '2023-05-12');
insert into buyer values ('B007', 'Richard Wilson', '555-0307', 'richard.w@email.com', '700 Valley Rd', 'Springfield', 'IL', '62703', 350000, 550000, 4, 3.0, '2023-05-18');
insert into buyer values ('B008', 'Barbara Moore', '555-0308', 'barbara.m@email.com', '800 Ridge Blvd', 'Springfield', 'IL', '62704', 120000, 200000, 1, 1.0, '2023-05-25');
insert into buyer values ('B009', 'Joseph Taylor', '555-0309', 'joseph.t@email.com', '900 Summit Ln', 'Springfield', 'IL', '62701', 450000, 700000, 5, 3.5, '2023-05-08');
insert into buyer values ('B010', 'Elizabeth Anderson', '555-0310', 'elizabeth.a@email.com', '1100 Peak Dr', 'Springfield', 'IL', '62702', 220000, 380000, 3, 2.0, '2023-05-14');
insert into buyer values ('B011', 'Thomas Jackson', '555-0311', 'thomas.j@email.com', '1200 Crest Way', 'Springfield', 'IL', '62703', 280000, 450000, 4, 2.5, '2023-05-21');
insert into buyer values ('B012', 'Jennifer White', '555-0312', 'jennifer.w@email.com', '1300 Bluff Ct', 'Springfield', 'IL', '62704', 160000, 280000, 2, 1.5, '2023-05-28');
insert into buyer values ('B013', 'Charles Harris', '555-0313', 'charles.h@email.com', '1400 Cliff St', 'Springfield', 'IL', '62701', 380000, 600000, 4, 3.0, '2023-05-03');
insert into buyer values ('B014', 'Susan Martin', '555-0314', 'susan.m@email.com', '1500 Slope Ave', 'Springfield', 'IL', '62702', 200000, 350000, 3, 2.0, '2023-05-11');
insert into buyer values ('B015', 'Christopher Thompson', '555-0315', 'chris.t@email.com', '1600 Grade Rd', 'Springfield', 'IL', '62703', 320000, 520000, 4, 2.5, '2023-05-19');
insert into buyer values ('B016', 'Jessica Garcia', '555-0316', 'jessica.g@email.com', '1700 Incline Blvd', 'Springfield', 'IL', '62704', 140000, 240000, 2, 1.5, '2023-05-26');
insert into buyer values ('B017', 'Daniel Martinez', '555-0317', 'daniel.m@email.com', '1800 Ascent Ln', 'Springfield', 'IL', '62701', 420000, 650000, 5, 3.0, '2023-05-07');
insert into buyer values ('B018', 'Sarah Robinson', '555-0318', 'sarah.r@email.com', '1900 Rise Dr', 'Springfield', 'IL', '62702', 240000, 400000, 3, 2.5, '2023-05-13');
insert into buyer values ('B019', 'Matthew Clark', '555-0319', 'matthew.c@email.com', '2000 Elevation Way', 'Springfield', 'IL', '62703', 300000, 480000, 4, 2.5, '2023-05-22');
insert into buyer values ('B020', 'Amanda Rodriguez', '555-0320', 'amanda.r@email.com', '2100 Altitude Ct', 'Springfield', 'IL', '62704', 170000, 290000, 2, 2.0, '2023-05-29');
insert into buyer values ('B021', 'Andrew Lewis', '555-0321', 'andrew.l@email.com', '2200 Height St', 'Springfield', 'IL', '62701', 360000, 580000, 4, 3.0, '2023-05-04');
insert into buyer values ('B022', 'Melissa Walker', '555-0322', 'melissa.w@email.com', '2300 Level Ave', 'Springfield', 'IL', '62702', 210000, 370000, 3, 2.0, '2023-05-09');
insert into buyer values ('B023', 'Joshua Hall', '555-0323', 'joshua.h@email.com', '2400 Flat Rd', 'Springfield', 'IL', '62703', 290000, 470000, 4, 2.5, '2023-05-16');
insert into buyer values ('B024', 'Michelle Allen', '555-0324', 'michelle.a@email.com', '2500 Plain Blvd', 'Springfield', 'IL', '62704', 150000, 260000, 2, 1.5, '2023-05-23');
insert into buyer values ('B025', 'Kevin Young', '555-0325', 'kevin.y@email.com', '2600 Field Ln', 'Springfield', 'IL', '62701', 410000, 630000, 5, 3.0, '2023-05-06');
insert into buyer values ('B026', 'Stephanie Hernandez', '555-0326', 'stephanie.h@email.com', '2700 Meadow Dr', 'Springfield', 'IL', '62702', 230000, 390000, 3, 2.5, '2023-05-17');
insert into buyer values ('B027', 'Brandon King', '555-0327', 'brandon.k@email.com', '2800 Pasture Way', 'Springfield', 'IL', '62703', 310000, 510000, 4, 2.5, '2023-05-24');
insert into buyer values ('B028', 'Nicole Wright', '555-0328', 'nicole.w@email.com', '2900 Grassland Ct', 'Springfield', 'IL', '62704', 130000, 230000, 1, 1.0, '2023-05-30');
insert into buyer values ('B029', 'Ryan Lopez', '555-0329', 'ryan.l@email.com', '3000 Prairie St', 'Springfield', 'IL', '62701', 370000, 590000, 4, 3.0, '2023-05-02');
insert into buyer values ('B030', 'Rachel Hill', '555-0330', 'rachel.h@email.com', '3100 Savanna Ave', 'Springfield', 'IL', '62702', 190000, 320000, 2, 2.0, '2023-05-27');
insert into buyer values ('B031', 'Justin Scott', '555-0331', 'justin.s@email.com', '3200 Steppe Rd', 'Springfield', 'IL', '62703', 330000, 530000, 4, 2.5, '2023-06-01');
insert into buyer values ('B032', 'Lauren Green', '555-0332', 'lauren.g@email.com', '3300 Tundra Blvd', 'Springfield', 'IL', '62704', 260000, 420000, 3, 2.5, '2023-06-02');
insert into buyer values ('B033', 'Tyler Adams', '555-0333', 'tyler.a@email.com', '3400 Desert Ln', 'Springfield', 'IL', '62701', 180000, 310000, 2, 1.5, '2023-06-03');
insert into buyer values ('B034', 'Megan Baker', '555-0334', 'megan.b@email.com', '3500 Oasis Dr', 'Springfield', 'IL', '62702', 440000, 680000, 5, 3.5, '2023-06-04');
insert into buyer values ('B035', 'Jacob Nelson', '555-0335', 'jacob.n@email.com', '3600 Mirage Way', 'Springfield', 'IL', '62703', 270000, 440000, 3, 2.5, '2023-06-05');
insert into buyer values ('B036', 'Samantha Carter', '555-0336', 'samantha.c@email.com', '3700 Illusion Ct', 'Springfield', 'IL', '62704', 145000, 250000, 2, 1.5, '2023-06-06');
insert into buyer values ('B037', 'Nathan Mitchell', '555-0337', 'nathan.m@email.com', '3800 Vision St', 'Springfield', 'IL', '62701', 390000, 610000, 4, 3.0, '2023-06-07');
insert into buyer values ('B038', 'Brittany Perez', '555-0338', 'brittany.p@email.com', '3900 Dream Ave', 'Springfield', 'IL', '62702', 220000, 380000, 3, 2.0, '2023-06-08');
insert into buyer values ('B039', 'Zachary Roberts', '555-0339', 'zachary.r@email.com', '4000 Hope Rd', 'Springfield', 'IL', '62703', 340000, 540000, 4, 2.5, '2023-06-09');
insert into buyer values ('B040', 'Kayla Turner', '555-0340', 'kayla.t@email.com', '4100 Wish Blvd', 'Springfield', 'IL', '62704', 155000, 270000, 2, 2.0, '2023-06-10');

-- Insert Properties (50 properties with various statuses)
insert into property values ('P001', '123 Oak Street', 'Springfield', 'IL', '62701', 'PT001', 3, 2.0, 1800, 0.25, 1995, 275000, 'On Market', '2023-06-01', 'Beautiful single-family home with updated kitchen', 'S001', 'A001');
insert into property values ('P002', '456 Maple Avenue', 'Springfield', 'IL', '62702', 'PT002', 2, 1.5, 1200, 0.10, 2010, 185000, 'On Market', '2023-06-05', 'Modern condo with great amenities', 'S002', 'A002');
insert into property values ('P003', '789 Pine Road', 'Springfield', 'IL', '62703', 'PT001', 4, 2.5, 2200, 0.35, 2005, 325000, 'Pending', '2023-05-20', 'Spacious family home with large yard', 'S003', 'A003');
insert into property values ('P004', '321 Elm Boulevard', 'Springfield', 'IL', '62704', 'PT003', 3, 2.5, 1600, 0.15, 2015, 245000, 'Sold', '2023-04-10', 'Well-maintained townhouse in great location', 'S004', 'A001');
insert into property values ('P005', '555 Cedar Lane', 'Springfield', 'IL', '62701', 'PT001', 5, 3.0, 2800, 0.50, 2018, 450000, 'On Market', '2023-06-10', 'Luxury home with premium finishes', 'S001', 'A004');
insert into property values ('P006', '667 Birch Drive', 'Springfield', 'IL', '62702', 'PT002', 1, 1.0, 800, 0.05, 2012, 125000, 'On Market', '2023-06-12', 'Cozy studio condo perfect for first-time buyer', 'S005', 'A005');
insert into property values ('P007', '778 Willow Way', 'Springfield', 'IL', '62703', 'PT001', 4, 3.0, 2400, 0.40, 2016, 380000, 'On Market', '2023-06-08', 'Stunning home with open floor plan', 'S006', 'A006');
insert into property values ('P008', '889 Spruce Court', 'Springfield', 'IL', '62704', 'PT003', 2, 2.0, 1400, 0.12, 2014, 195000, 'Pending', '2023-06-03', 'Charming townhouse near downtown', 'S007', 'A007');
insert into property values ('P009', '990 Ash Street', 'Springfield', 'IL', '62701', 'PT001', 3, 2.5, 2000, 0.30, 2011, 295000, 'Sold', '2023-05-05', 'Move-in ready home with new appliances', 'S008', 'A008');
insert into property values ('P010', '111 Poplar Avenue', 'Springfield', 'IL', '62702', 'PT006', 6, 4.0, 3500, 0.75, 2020, 650000, 'On Market', '2023-06-15', 'Luxury estate with pool and tennis court', 'S009', 'A009');
insert into property values ('P011', '222 Hickory Road', 'Springfield', 'IL', '62703', 'PT001', 3, 2.0, 1750, 0.22, 2008, 265000, 'On Market', '2023-06-11', 'Well-maintained home in quiet neighborhood', 'S010', 'A010');
insert into property values ('P012', '333 Walnut Boulevard', 'Springfield', 'IL', '62704', 'PT002', 2, 2.0, 1100, 0.08, 2013, 165000, 'On Market', '2023-06-13', 'Updated condo with modern features', 'S011', 'A011');
insert into property values ('P013', '444 Cherry Lane', 'Springfield', 'IL', '62701', 'PT001', 5, 3.5, 3000, 0.55, 2019, 520000, 'Pending', '2023-06-06', 'New construction with smart home features', 'S012', 'A012');
insert into property values ('P014', '555 Peach Drive', 'Springfield', 'IL', '62702', 'PT007', 3, 2.0, 1900, 0.28, 2007, 285000, 'Sold', '2023-04-25', 'Single-story ranch with large lot', 'S013', 'A013');
insert into property values ('P015', '666 Plum Way', 'Springfield', 'IL', '62703', 'PT003', 3, 2.5, 1700, 0.18, 2016, 255000, 'On Market', '2023-06-14', 'End-unit townhouse with private patio', 'S014', 'A014');
insert into property values ('P016', '777 Apple Court', 'Springfield', 'IL', '62704', 'PT001', 4, 2.5, 2100, 0.32, 2012, 315000, 'On Market', '2023-06-09', 'Family-friendly home with finished basement', 'S015', 'A015');
insert into property values ('P017', '888 Orange Street', 'Springfield', 'IL', '62701', 'PT002', 1, 1.5, 950, 0.06, 2015, 145000, 'On Market', '2023-06-16', 'Affordable starter condo', 'S016', 'A016');
insert into property values ('P018', '999 Lemon Avenue', 'Springfield', 'IL', '62702', 'PT001', 4, 3.0, 2300, 0.38, 2017, 365000, 'Pending', '2023-06-07', 'Contemporary home with energy-efficient features', 'S017', 'A017');
insert into property values ('P019', '1010 Lime Road', 'Springfield', 'IL', '62703', 'PT005', 6, 4.0, 3200, 0.60, 2014, 480000, 'On Market', '2023-06-17', 'Multi-family property with rental income potential', 'S018', 'A018');
insert into property values ('P020', '1111 Grape Boulevard', 'Springfield', 'IL', '62704', 'PT001', 3, 2.0, 1850, 0.26, 2009, 275000, 'Sold', '2023-05-12', 'Charming home with character', 'S019', 'A019');
insert into property values ('P021', '1212 Berry Lane', 'Springfield', 'IL', '62701', 'PT002', 2, 2.0, 1300, 0.09, 2011, 175000, 'On Market', '2023-06-18', 'Corner unit condo with extra windows', 'S020', 'A020');
insert into property values ('P022', '1313 Mango Drive', 'Springfield', 'IL', '62702', 'PT001', 5, 3.5, 2900, 0.52, 2020, 495000, 'On Market', '2023-06-19', 'Premium home with high-end finishes', 'S021', 'A001');
insert into property values ('P023', '1414 Kiwi Way', 'Springfield', 'IL', '62703', 'PT003', 2, 1.5, 1500, 0.14, 2013, 205000, 'On Market', '2023-06-20', 'Well-located townhouse near schools', 'S022', 'A002');
insert into property values ('P024', '1515 Papaya Court', 'Springfield', 'IL', '62704', 'PT001', 3, 2.5, 1950, 0.29, 2010, 290000, 'Pending', '2023-06-04', 'Updated home with new roof and HVAC', 'S023', 'A003');
insert into property values ('P025', '1616 Banana Street', 'Springfield', 'IL', '62701', 'PT007', 4, 2.0, 2050, 0.33, 2006, 305000, 'Sold', '2023-05-18', 'Ranch style with attached garage', 'S024', 'A004');
insert into property values ('P026', '1717 Avocado Avenue', 'Springfield', 'IL', '62702', 'PT002', 2, 1.5, 1050, 0.07, 2016, 155000, 'On Market', '2023-06-21', 'Modern condo with balcony', 'S025', 'A005');
insert into property values ('P027', '1818 Coconut Road', 'Springfield', 'IL', '62703', 'PT001', 4, 3.0, 2500, 0.42, 2018, 395000, 'On Market', '2023-06-22', 'Spacious home with master suite', 'S026', 'A006');
insert into property values ('P028', '1919 Pineapple Boulevard', 'Springfield', 'IL', '62704', 'PT003', 3, 2.5, 1650, 0.16, 2015, 235000, 'On Market', '2023-06-23', 'Townhouse with two-car garage', 'S027', 'A007');
insert into property values ('P029', '2020 Strawberry Lane', 'Springfield', 'IL', '62701', 'PT001', 5, 3.5, 3100, 0.58, 2019, 545000, 'Pending', '2023-06-05', 'Luxury home with home theater', 'S028', 'A008');
insert into property values ('P030', '2121 Blueberry Drive', 'Springfield', 'IL', '62702', 'PT001', 3, 2.0, 1700, 0.24, 2008, 255000, 'Sold', '2023-05-22', 'Affordable family home', 'S029', 'A009');
insert into property values ('P031', '2222 Raspberry Way', 'Springfield', 'IL', '62703', 'PT002', 1, 1.0, 750, 0.04, 2014, 115000, 'On Market', '2023-06-24', 'Budget-friendly studio', 'S030', 'A010');
insert into property values ('P032', '2323 Blackberry Court', 'Springfield', 'IL', '62704', 'PT001', 4, 2.5, 2150, 0.34, 2011, 325000, 'On Market', '2023-06-25', 'Well-maintained home with updates', 'S001', 'A011');
insert into property values ('P033', '2424 Cranberry Street', 'Springfield', 'IL', '62701', 'PT006', 7, 5.0, 4200, 1.00, 2021, 850000, 'On Market', '2023-06-26', 'Ultra-luxury estate with guest house', 'S002', 'A012');
insert into property values ('P034', '2525 Gooseberry Avenue', 'Springfield', 'IL', '62702', 'PT003', 2, 2.0, 1450, 0.13, 2012, 215000, 'On Market', '2023-06-27', 'Corner townhouse with extra privacy', 'S003', 'A013');
insert into property values ('P035', '2626 Elderberry Road', 'Springfield', 'IL', '62703', 'PT001', 3, 2.5, 1800, 0.27, 2009, 270000, 'Pending', '2023-06-02', 'Move-in ready with fresh paint', 'S004', 'A014');
insert into property values ('P036', '2727 Mulberry Boulevard', 'Springfield', 'IL', '62704', 'PT002', 2, 1.5, 1150, 0.08, 2017, 185000, 'On Market', '2023-06-28', 'Newer condo with modern amenities', 'S005', 'A015');
insert into property values ('P037', '2828 Boysenberry Lane', 'Springfield', 'IL', '62701', 'PT001', 5, 3.0, 2700, 0.48, 2016, 425000, 'On Market', '2023-06-29', 'Large home perfect for growing family', 'S006', 'A016');
insert into property values ('P038', '2929 Huckleberry Drive', 'Springfield', 'IL', '62702', 'PT007', 3, 2.0, 1950, 0.30, 2007, 280000, 'Sold', '2023-05-28', 'Ranch with finished basement', 'S007', 'A017');
insert into property values ('P039', '3030 Serviceberry Way', 'Springfield', 'IL', '62703', 'PT001', 4, 3.0, 2250, 0.36, 2013, 345000, 'On Market', '2023-06-30', 'Updated home with new kitchen', 'S008', 'A018');
insert into property values ('P040', '3131 Chokeberry Court', 'Springfield', 'IL', '62704', 'PT002', 1, 1.0, 850, 0.05, 2018, 135000, 'On Market', '2023-07-01', 'Affordable entry-level condo', 'S009', 'A019');
insert into property values ('P041', '3232 Cloudberry Street', 'Springfield', 'IL', '62701', 'PT001', 6, 4.0, 3400, 0.65, 2020, 575000, 'On Market', '2023-07-02', 'Premium home with pool and spa', 'S010', 'A020');
insert into property values ('P042', '3333 Salmonberry Avenue', 'Springfield', 'IL', '62702', 'PT003', 3, 2.5, 1550, 0.15, 2014, 225000, 'On Market', '2023-07-03', 'Well-priced townhouse', 'S011', 'A001');
insert into property values ('P043', '3434 Dewberry Road', 'Springfield', 'IL', '62703', 'PT001', 3, 2.0, 1750, 0.25, 2010, 265000, 'Pending', '2023-06-01', 'Charming home in established neighborhood', 'S012', 'A002');
insert into property values ('P044', '3535 Wineberry Boulevard', 'Springfield', 'IL', '62704', 'PT005', 8, 5.0, 3800, 0.70, 2015, 620000, 'On Market', '2023-07-04', 'Large multi-family with income potential', 'S013', 'A003');
insert into property values ('P045', '3636 Tayberry Lane', 'Springfield', 'IL', '62701', 'PT001', 4, 2.5, 2050, 0.31, 2011, 310000, 'Sold', '2023-05-30', 'Family home with great schools nearby', 'S014', 'A004');
insert into property values ('P046', '3737 Loganberry Drive', 'Springfield', 'IL', '62702', 'PT002', 2, 2.0, 1250, 0.09, 2012, 195000, 'On Market', '2023-07-05', 'Corner unit with extra light', 'S015', 'A005');
insert into property values ('P047', '3838 Marionberry Way', 'Springfield', 'IL', '62703', 'PT001', 5, 3.5, 2950, 0.54, 2019, 505000, 'On Market', '2023-07-06', 'Luxury home with smart features', 'S016', 'A006');
insert into property values ('P048', '3939 Olallieberry Court', 'Springfield', 'IL', '62704', 'PT007', 3, 2.0, 1900, 0.28, 2008, 275000, 'On Market', '2023-07-07', 'Single-story with large master', 'S017', 'A007');
insert into property values ('P049', '4040 Youngberry Street', 'Springfield', 'IL', '62701', 'PT001', 4, 3.0, 2400, 0.39, 2017, 375000, 'Pending', '2023-06-08', 'Modern home with open concept', 'S018', 'A008');
insert into property values ('P050', '4141 Thimbleberry Avenue', 'Springfield', 'IL', '62702', 'PT003', 2, 1.5, 1400, 0.12, 2013, 195000, 'On Market', '2023-07-08', 'Affordable townhouse option', 'S019', 'A009');

-- Insert Property Features (various features for properties)
insert into property_feature values ('P001', 'Garage');
insert into property_feature values ('P001', 'Fireplace');
insert into property_feature values ('P002', 'Balcony');
insert into property_feature values ('P002', 'Gym Access');
insert into property_feature values ('P003', 'Garage');
insert into property_feature values ('P003', 'Pool');
insert into property_feature values ('P003', 'Fireplace');
insert into property_feature values ('P004', 'Garage');
insert into property_feature values ('P005', 'Garage');
insert into property_feature values ('P005', 'Pool');
insert into property_feature values ('P005', 'Fireplace');
insert into property_feature values ('P005', 'Home Office');
insert into property_feature values ('P006', 'Balcony');
insert into property_feature values ('P007', 'Garage');
insert into property_feature values ('P007', 'Fireplace');
insert into property_feature values ('P007', 'Deck');
insert into property_feature values ('P008', 'Garage');
insert into property_feature values ('P009', 'Garage');
insert into property_feature values ('P009', 'Fireplace');
insert into property_feature values ('P010', 'Garage');
insert into property_feature values ('P010', 'Pool');
insert into property_feature values ('P010', 'Tennis Court');
insert into property_feature values ('P010', 'Home Office');
insert into property_feature values ('P010', 'Wine Cellar');
insert into property_feature values ('P011', 'Garage');
insert into property_feature values ('P012', 'Balcony');
insert into property_feature values ('P012', 'Gym Access');
insert into property_feature values ('P013', 'Garage');
insert into property_feature values ('P013', 'Smart Home');
insert into property_feature values ('P013', 'Solar Panels');
insert into property_feature values ('P014', 'Garage');
insert into property_feature values ('P015', 'Garage');
insert into property_feature values ('P015', 'Patio');
insert into property_feature values ('P016', 'Garage');
insert into property_feature values ('P016', 'Finished Basement');
insert into property_feature values ('P017', 'Balcony');
insert into property_feature values ('P018', 'Garage');
insert into property_feature values ('P018', 'Energy Efficient');
insert into property_feature values ('P019', 'Garage');
insert into property_feature values ('P020', 'Garage');
insert into property_feature values ('P021', 'Balcony');
insert into property_feature values ('P022', 'Garage');
insert into property_feature values ('P022', 'Pool');
insert into property_feature values ('P022', 'Home Office');
insert into property_feature values ('P023', 'Garage');
insert into property_feature values ('P024', 'Garage');
insert into property_feature values ('P025', 'Garage');
insert into property_feature values ('P026', 'Balcony');
insert into property_feature values ('P027', 'Garage');
insert into property_feature values ('P027', 'Master Suite');
insert into property_feature values ('P028', 'Garage');
insert into property_feature values ('P029', 'Garage');
insert into property_feature values ('P029', 'Home Theater');
insert into property_feature values ('P029', 'Pool');
insert into property_feature values ('P030', 'Garage');
insert into property_feature values ('P031', 'Balcony');
insert into property_feature values ('P032', 'Garage');
insert into property_feature values ('P033', 'Garage');
insert into property_feature values ('P033', 'Guest House');
insert into property_feature values ('P033', 'Pool');
insert into property_feature values ('P033', 'Tennis Court');
insert into property_feature values ('P034', 'Garage');
insert into property_feature values ('P035', 'Garage');
insert into property_feature values ('P036', 'Balcony');
insert into property_feature values ('P036', 'Gym Access');
insert into property_feature values ('P037', 'Garage');
insert into property_feature values ('P038', 'Garage');
insert into property_feature values ('P038', 'Finished Basement');
insert into property_feature values ('P039', 'Garage');
insert into property_feature values ('P040', 'Balcony');
insert into property_feature values ('P041', 'Garage');
insert into property_feature values ('P041', 'Pool');
insert into property_feature values ('P041', 'Spa');
insert into property_feature values ('P042', 'Garage');
insert into property_feature values ('P043', 'Garage');
insert into property_feature values ('P044', 'Garage');
insert into property_feature values ('P045', 'Garage');
insert into property_feature values ('P046', 'Balcony');
insert into property_feature values ('P047', 'Garage');
insert into property_feature values ('P047', 'Smart Home');
insert into property_feature values ('P048', 'Garage');
insert into property_feature values ('P049', 'Garage');
insert into property_feature values ('P050', 'Garage');

-- Insert Viewings (100 viewings)
insert into viewing values ('V001', 'P001', 'B001', 'A001', '2023-06-05', '14:00:00', 'Buyer liked the kitchen, concerned about age', 'Y');
insert into viewing values ('V002', 'P002', 'B003', 'A002', '2023-06-06', '10:00:00', 'Perfect size for buyer, considering offer', 'Y');
insert into viewing values ('V003', 'P001', 'B002', 'A001', '2023-06-07', '15:30:00', 'Too small for needs', 'N');
insert into viewing values ('V004', 'P003', 'B002', 'A003', '2023-06-08', '11:00:00', 'Excellent property, made offer', 'Y');
insert into viewing values ('V005', 'P005', 'B004', 'A004', '2023-06-12', '13:00:00', 'Very interested, discussing financing', 'Y');
insert into viewing values ('V006', 'P006', 'B003', 'A005', '2023-06-13', '09:00:00', 'Perfect starter home', 'Y');
insert into viewing values ('V007', 'P007', 'B002', 'A006', '2023-06-14', '14:30:00', 'Loved the open floor plan', 'Y');
insert into viewing values ('V008', 'P008', 'B001', 'A007', '2023-06-15', '10:30:00', 'Good location, considering', 'Y');
insert into viewing values ('V009', 'P009', 'B001', 'A008', '2023-05-01', '16:00:00', 'Made offer same day', 'Y');
insert into viewing values ('V010', 'P010', 'B004', 'A009', '2023-06-16', '11:00:00', 'Dream home, working on financing', 'Y');
insert into viewing values ('V011', 'P011', 'B001', 'A010', '2023-06-17', '15:00:00', 'Nice but needs updates', 'N');
insert into viewing values ('V012', 'P012', 'B003', 'A011', '2023-06-18', '10:00:00', 'Good value, interested', 'Y');
insert into viewing values ('V013', 'P013', 'B002', 'A012', '2023-06-09', '13:00:00', 'New construction appeal', 'Y');
insert into viewing values ('V014', 'P014', 'B001', 'A013', '2023-04-20', '14:00:00', 'Perfect ranch style', 'Y');
insert into viewing values ('V015', 'P015', 'B001', 'A014', '2023-06-19', '11:30:00', 'Liked the patio', 'Y');
insert into viewing values ('V016', 'P016', 'B002', 'A015', '2023-06-20', '16:00:00', 'Finished basement is a plus', 'Y');
insert into viewing values ('V017', 'P017', 'B003', 'A016', '2023-06-21', '09:30:00', 'Affordable option', 'Y');
insert into viewing values ('V018', 'P018', 'B002', 'A017', '2023-06-10', '14:00:00', 'Energy efficient features appealing', 'Y');
insert into viewing values ('V019', 'P019', 'B004', 'A018', '2023-06-22', '12:00:00', 'Investment potential', 'Y');
insert into viewing values ('V020', 'P020', 'B001', 'A019', '2023-05-08', '15:00:00', 'Charming character', 'Y');
insert into viewing values ('V021', 'P021', 'B003', 'A020', '2023-06-23', '10:00:00', 'Corner unit with great light', 'Y');
insert into viewing values ('V022', 'P022', 'B004', 'A001', '2023-06-24', '13:30:00', 'Premium finishes impressive', 'Y');
insert into viewing values ('V023', 'P023', 'B001', 'A002', '2023-06-25', '11:00:00', 'Good school district', 'Y');
insert into viewing values ('V024', 'P024', 'B002', 'A003', '2023-06-11', '15:00:00', 'Recent updates are nice', 'Y');
insert into viewing values ('V025', 'P025', 'B001', 'A004', '2023-05-15', '14:00:00', 'Ranch style perfect for family', 'Y');
insert into viewing values ('V026', 'P026', 'B003', 'A005', '2023-06-26', '09:00:00', 'Balcony is nice feature', 'Y');
insert into viewing values ('V027', 'P027', 'B002', 'A006', '2023-06-27', '16:30:00', 'Master suite is spacious', 'Y');
insert into viewing values ('V028', 'P028', 'B001', 'A007', '2023-06-28', '10:30:00', 'Two-car garage important', 'Y');
insert into viewing values ('V029', 'P029', 'B004', 'A008', '2023-06-12', '12:00:00', 'Home theater is amazing', 'Y');
insert into viewing values ('V030', 'P030', 'B001', 'A009', '2023-05-18', '14:00:00', 'Affordable and well-maintained', 'Y');
insert into viewing values ('V031', 'P031', 'B003', 'A010', '2023-06-29', '09:00:00', 'Budget-friendly option', 'Y');
insert into viewing values ('V032', 'P032', 'B002', 'A011', '2023-06-30', '15:00:00', 'Well-maintained property', 'Y');
insert into viewing values ('V033', 'P033', 'B004', 'A012', '2023-07-01', '11:00:00', 'Ultra-luxury, exploring options', 'Y');
insert into viewing values ('V034', 'P034', 'B001', 'A013', '2023-07-02', '13:00:00', 'Corner unit privacy', 'Y');
insert into viewing values ('V035', 'P035', 'B002', 'A014', '2023-06-13', '14:30:00', 'Move-in ready appeal', 'Y');
insert into viewing values ('V036', 'P036', 'B003', 'A015', '2023-07-03', '10:00:00', 'Modern amenities', 'Y');
insert into viewing values ('V037', 'P037', 'B002', 'A016', '2023-07-04', '16:00:00', 'Perfect for growing family', 'Y');
insert into viewing values ('V038', 'P038', 'B001', 'A017', '2023-05-25', '15:00:00', 'Finished basement bonus', 'Y');
insert into viewing values ('V039', 'P039', 'B002', 'A018', '2023-07-05', '11:30:00', 'Updated kitchen is nice', 'Y');
insert into viewing values ('V040', 'P040', 'B003', 'A019', '2023-07-06', '09:30:00', 'Entry-level affordable', 'Y');
insert into viewing values ('V041', 'P041', 'B004', 'A020', '2023-07-07', '12:00:00', 'Pool and spa are amazing', 'Y');
insert into viewing values ('V042', 'P042', 'B001', 'A001', '2023-07-08', '14:00:00', 'Well-priced option', 'Y');
insert into viewing values ('V043', 'P043', 'B002', 'A002', '2023-06-14', '15:30:00', 'Established neighborhood appeal', 'Y');
insert into viewing values ('V044', 'P044', 'B004', 'A003', '2023-07-09', '10:00:00', 'Income potential interesting', 'Y');
insert into viewing values ('V045', 'P045', 'B001', 'A004', '2023-05-27', '13:00:00', 'Great schools nearby', 'Y');
insert into viewing values ('V046', 'P046', 'B003', 'A005', '2023-07-10', '11:00:00', 'Corner unit with light', 'Y');
insert into viewing values ('V047', 'P047', 'B004', 'A006', '2023-07-11', '16:00:00', 'Smart home features appealing', 'Y');
insert into viewing values ('V048', 'P048', 'B001', 'A007', '2023-07-12', '09:00:00', 'Large master suite', 'Y');
insert into viewing values ('V049', 'P049', 'B002', 'A008', '2023-06-15', '14:00:00', 'Open concept is nice', 'Y');
insert into viewing values ('V050', 'P050', 'B003', 'A009', '2023-07-13', '10:30:00', 'Affordable townhouse', 'Y');
insert into viewing values ('V051', 'P001', 'B005', 'A001', '2023-06-16', '15:00:00', 'Considering multiple options', 'Y');
insert into viewing values ('V052', 'P002', 'B006', 'A002', '2023-06-17', '11:00:00', 'Good starter option', 'Y');
insert into viewing values ('V053', 'P005', 'B007', 'A004', '2023-06-18', '13:00:00', 'Luxury features impressive', 'Y');
insert into viewing values ('V054', 'P007', 'B005', 'A006', '2023-06-19', '14:30:00', 'Open floor plan works well', 'Y');
insert into viewing values ('V055', 'P010', 'B009', 'A009', '2023-06-20', '12:00:00', 'Estate features amazing', 'Y');
insert into viewing values ('V056', 'P011', 'B010', 'A010', '2023-06-21', '16:00:00', 'Quiet neighborhood', 'Y');
insert into viewing values ('V057', 'P012', 'B006', 'A011', '2023-06-22', '10:00:00', 'Modern features nice', 'Y');
insert into viewing values ('V058', 'P013', 'B007', 'A012', '2023-06-23', '15:00:00', 'Smart home appeal', 'Y');
insert into viewing values ('V059', 'P016', 'B005', 'A015', '2023-06-24', '11:30:00', 'Family-friendly layout', 'Y');
insert into viewing values ('V060', 'P017', 'B006', 'A016', '2023-06-25', '09:00:00', 'Affordable starter', 'Y');
insert into viewing values ('V061', 'P018', 'B007', 'A017', '2023-06-26', '14:00:00', 'Energy efficient important', 'Y');
insert into viewing values ('V062', 'P022', 'B009', 'A001', '2023-06-27', '13:00:00', 'Premium finishes', 'Y');
insert into viewing values ('V063', 'P027', 'B005', 'A006', '2023-06-28', '15:30:00', 'Master suite spacious', 'Y');
insert into viewing values ('V064', 'P029', 'B009', 'A008', '2023-06-29', '12:00:00', 'Home theater impressive', 'Y');
insert into viewing values ('V065', 'P033', 'B009', 'A012', '2023-07-01', '11:00:00', 'Ultra-luxury exploring', 'Y');
insert into viewing values ('V066', 'P037', 'B005', 'A016', '2023-07-02', '16:00:00', 'Large home appeal', 'Y');
insert into viewing values ('V067', 'P041', 'B009', 'A020', '2023-07-03', '10:00:00', 'Pool and spa features', 'Y');
insert into viewing values ('V068', 'P044', 'B009', 'A003', '2023-07-04', '14:00:00', 'Income potential', 'Y');
insert into viewing values ('V069', 'P047', 'B009', 'A006', '2023-07-05', '13:00:00', 'Smart home features', 'Y');
insert into viewing values ('V070', 'P001', 'B011', 'A001', '2023-06-20', '15:00:00', 'Multiple viewings', 'Y');
insert into viewing values ('V071', 'P005', 'B011', 'A004', '2023-06-21', '14:00:00', 'Comparing options', 'Y');
insert into viewing values ('V072', 'P007', 'B011', 'A006', '2023-06-22', '16:00:00', 'Open concept works', 'Y');
insert into viewing values ('V073', 'P011', 'B012', 'A010', '2023-06-23', '10:00:00', 'Budget consideration', 'Y');
insert into viewing values ('V074', 'P012', 'B012', 'A011', '2023-06-24', '11:00:00', 'Affordable option', 'Y');
insert into viewing values ('V075', 'P017', 'B012', 'A016', '2023-06-25', '09:00:00', 'Starter home option', 'Y');
insert into viewing values ('V076', 'P021', 'B012', 'A020', '2023-06-26', '13:00:00', 'Corner unit light', 'Y');
insert into viewing values ('V077', 'P026', 'B012', 'A005', '2023-06-27', '14:00:00', 'Balcony feature', 'Y');
insert into viewing values ('V078', 'P031', 'B012', 'A010', '2023-06-28', '10:00:00', 'Budget-friendly', 'Y');
insert into viewing values ('V079', 'P036', 'B012', 'A015', '2023-06-29', '15:00:00', 'Modern amenities', 'Y');
insert into viewing values ('V080', 'P040', 'B012', 'A019', '2023-06-30', '11:00:00', 'Entry-level affordable', 'Y');
insert into viewing values ('V081', 'P013', 'B013', 'A012', '2023-06-25', '12:00:00', 'New construction appeal', 'Y');
insert into viewing values ('V082', 'P016', 'B013', 'A015', '2023-06-26', '16:00:00', 'Family-friendly', 'Y');
insert into viewing values ('V083', 'P022', 'B013', 'A001', '2023-06-27', '14:00:00', 'Premium home', 'Y');
insert into viewing values ('V084', 'P027', 'B013', 'A006', '2023-06-28', '15:00:00', 'Spacious master', 'Y');
insert into viewing values ('V085', 'P032', 'B013', 'A011', '2023-06-29', '13:00:00', 'Well-maintained', 'Y');
insert into viewing values ('V086', 'P039', 'B013', 'A018', '2023-06-30', '11:00:00', 'Updated kitchen', 'Y');
insert into viewing values ('V087', 'P043', 'B013', 'A002', '2023-07-01', '10:00:00', 'Established area', 'Y');
insert into viewing values ('V088', 'P001', 'B014', 'A001', '2023-06-18', '14:00:00', 'Multiple options', 'Y');
insert into viewing values ('V089', 'P011', 'B014', 'A010', '2023-06-19', '15:00:00', 'Quiet neighborhood', 'Y');
insert into viewing values ('V090', 'P015', 'B014', 'A014', '2023-06-20', '16:00:00', 'Patio feature', 'Y');
insert into viewing values ('V091', 'P023', 'B014', 'A002', '2023-06-21', '11:00:00', 'Good schools', 'Y');
insert into viewing values ('V092', 'P034', 'B014', 'A013', '2023-06-22', '12:00:00', 'Corner privacy', 'Y');
insert into viewing values ('V093', 'P042', 'B014', 'A001', '2023-06-23', '13:00:00', 'Well-priced', 'Y');
insert into viewing values ('V094', 'P050', 'B014', 'A009', '2023-06-24', '14:00:00', 'Affordable option', 'Y');
insert into viewing values ('V095', 'P005', 'B015', 'A004', '2023-06-25', '15:00:00', 'Luxury features', 'Y');
insert into viewing values ('V096', 'P010', 'B015', 'A009', '2023-06-26', '12:00:00', 'Estate property', 'Y');
insert into viewing values ('V097', 'P022', 'B015', 'A001', '2023-06-27', '16:00:00', 'Premium finishes', 'Y');
insert into viewing values ('V098', 'P029', 'B015', 'A008', '2023-06-28', '14:00:00', 'Home theater', 'Y');
insert into viewing values ('V099', 'P033', 'B015', 'A012', '2023-06-29', '11:00:00', 'Ultra-luxury', 'Y');
insert into viewing values ('V100', 'P041', 'B015', 'A020', '2023-06-30', '13:00:00', 'Pool and spa', 'Y');

-- Insert Offers (30 offers with various statuses)
insert into offer values ('O001', 'P003', 'B002', 'A003', 310000, '2023-06-10', '2023-06-17', 'Accepted');
insert into offer values ('O002', 'P001', 'B001', 'A001', 265000, '2023-06-08', '2023-06-15', 'Pending');
insert into offer values ('O003', 'P002', 'B003', 'A002', 180000, '2023-06-07', '2023-06-14', 'Rejected');
insert into offer values ('O004', 'P005', 'B004', 'A004', 435000, '2023-06-13', '2023-06-20', 'Pending');
insert into offer values ('O005', 'P008', 'B001', 'A007', 190000, '2023-06-16', '2023-06-23', 'Accepted');
insert into offer values ('O006', 'P013', 'B002', 'A012', 505000, '2023-06-11', '2023-06-18', 'Accepted');
insert into offer values ('O007', 'P018', 'B002', 'A017', 350000, '2023-06-12', '2023-06-19', 'Pending');
insert into offer values ('O008', 'P024', 'B002', 'A003', 285000, '2023-06-13', '2023-06-20', 'Accepted');
insert into offer values ('O009', 'P029', 'B004', 'A008', 530000, '2023-06-14', '2023-06-21', 'Pending');
insert into offer values ('O010', 'P035', 'B002', 'A014', 265000, '2023-06-15', '2023-06-22', 'Pending');
insert into offer values ('O011', 'P043', 'B002', 'A002', 260000, '2023-06-16', '2023-06-23', 'Accepted');
insert into offer values ('O012', 'P049', 'B002', 'A008', 370000, '2023-06-17', '2023-06-24', 'Pending');
insert into offer values ('O013', 'P001', 'B005', 'A001', 270000, '2023-06-18', '2023-06-25', 'Pending');
insert into offer values ('O014', 'P007', 'B005', 'A006', 375000, '2023-06-19', '2023-06-26', 'Pending');
insert into offer values ('O015', 'P010', 'B009', 'A009', 640000, '2023-06-20', '2023-06-27', 'Pending');
insert into offer values ('O016', 'P012', 'B003', 'A011', 170000, '2023-06-21', '2023-06-28', 'Rejected');
insert into offer values ('O017', 'P016', 'B005', 'A015', 310000, '2023-06-22', '2023-06-29', 'Pending');
insert into offer values ('O018', 'P022', 'B004', 'A001', 490000, '2023-06-23', '2023-06-30', 'Pending');
insert into offer values ('O019', 'P027', 'B005', 'A006', 390000, '2023-06-24', '2023-07-01', 'Pending');
insert into offer values ('O020', 'P032', 'B002', 'A011', 320000, '2023-06-25', '2023-07-02', 'Pending');
insert into offer values ('O021', 'P037', 'B005', 'A016', 420000, '2023-06-26', '2023-07-03', 'Pending');
insert into offer values ('O022', 'P041', 'B009', 'A020', 570000, '2023-06-27', '2023-07-04', 'Pending');
insert into offer values ('O023', 'P044', 'B009', 'A003', 610000, '2023-06-28', '2023-07-05', 'Pending');
insert into offer values ('O024', 'P047', 'B009', 'A006', 500000, '2023-06-29', '2023-07-06', 'Pending');
insert into offer values ('O025', 'P002', 'B006', 'A002', 175000, '2023-06-30', '2023-07-07', 'Pending');
insert into offer values ('O026', 'P006', 'B003', 'A005', 120000, '2023-07-01', '2023-07-08', 'Pending');
insert into offer values ('O027', 'P017', 'B006', 'A016', 140000, '2023-07-02', '2023-07-09', 'Pending');
insert into offer values ('O028', 'P021', 'B003', 'A020', 170000, '2023-07-03', '2023-07-10', 'Pending');
insert into offer values ('O029', 'P026', 'B003', 'A005', 150000, '2023-07-04', '2023-07-11', 'Pending');
insert into offer values ('O030', 'P031', 'B003', 'A010', 110000, '2023-07-05', '2023-07-12', 'Pending');

-- Insert Sales (Recently Sold Properties - 15 sales)
insert into sale values ('SA001', 'P004', 'B001', 'S004', 'A001', 'A001', 245000, 240000, '2023-05-15', '2023-06-01', 7200);
insert into sale values ('SA002', 'P003', 'B002', 'S003', 'A003', 'A003', 325000, 310000, '2023-06-10', null, 9300);
insert into sale values ('SA003', 'P009', 'B001', 'S008', 'A008', 'A008', 295000, 290000, '2023-05-06', '2023-05-25', 8700);
insert into sale values ('SA004', 'P014', 'B001', 'S013', 'A013', 'A013', 285000, 280000, '2023-04-26', '2023-05-20', 8400);
insert into sale values ('SA005', 'P020', 'B001', 'S019', 'A019', 'A019', 275000, 270000, '2023-05-13', '2023-06-05', 8100);
insert into sale values ('SA006', 'P025', 'B001', 'S024', 'A004', 'A004', 305000, 300000, '2023-05-16', '2023-06-10', 9000);
insert into sale values ('SA007', 'P030', 'B001', 'S029', 'A009', 'A009', 255000, 250000, '2023-05-19', '2023-06-12', 7500);
insert into sale values ('SA008', 'P038', 'B001', 'S007', 'A017', 'A017', 280000, 275000, '2023-05-29', '2023-06-15', 8250);
insert into sale values ('SA009', 'P045', 'B001', 'S014', 'A004', 'A004', 310000, 305000, '2023-05-31', '2023-06-18', 9150);
insert into sale values ('SA010', 'P008', 'B001', 'S007', 'A007', 'A007', 195000, 192000, '2023-06-17', null, 5760);
insert into sale values ('SA011', 'P013', 'B002', 'S012', 'A012', 'A012', 520000, 505000, '2023-06-12', null, 15150);
insert into sale values ('SA012', 'P024', 'B002', 'S023', 'A003', 'A003', 290000, 285000, '2023-06-14', null, 8550);
insert into sale values ('SA013', 'P043', 'B002', 'S012', 'A002', 'A002', 265000, 260000, '2023-06-17', null, 7800);
insert into sale values ('SA014', 'P011', 'B010', 'S010', 'A010', 'A010', 265000, 260000, '2023-06-20', null, 7800);
insert into sale values ('SA015', 'P015', 'B014', 'S014', 'A014', 'A014', 255000, 250000, '2023-06-22', null, 7500);
